{"cameraMode":{"drawMode":0,"name":"Shaded","section":"Shading Mode"},"sceneLighting":true,"audioPlay":false,"sceneViewState":{"m_AlwaysRefresh":false,"showFog":true,"showSkybox":true,"showFlares":true,"showImageEffects":true,"showParticleSystems":true,"showVisualEffectGraphs":true,"m_FxEnabled":true},"in2DMode":false,"pivot":{"x":1.4274911880493165,"y":-0.5474743843078613,"z":9.038302421569825},"rotation":{"x":-0.13238270580768586,"y":-0.024185383692383767,"z":0.003233481664210558,"w":-0.9909189343452454},"size":7.954793453216553,"orthographic":false}